{
  "enabled": false,
  "criteria": [
    {
      "color": {
        "value": -16776961,
        "falpha": 0.0
      },
      "name": "Boss",
      "switchName": "Show Bosses",
      "weight": 7,
      "sendDetails": true,
      "sendPosition": true,
      "searchRadius": 150,
      "isPokemon": true,
      "userSearch": false,
      "validPokemon": [],
      "shiny": false,
      "boss": true,
      "isTileEntity": false,
      "tileEntities": [],
      "isEntity": false,
      "entities": []
    },
    {
      "color": {
        "value": -65536,
        "falpha": 0.0
      },
      "name": "Legendary",
      "switchName": "Show Legendaries",
      "weight": 6,
      "sendDetails": true,
      "sendPosition": true,
      "searchRadius": 150,
      "isPokemon": true,
      "userSearch": false,
      "validPokemon": [
        "Zapdos",
        "Mewtwo",
        "Cosmoem",
        "Virizion",
        "Zekrom",
        "TypeNull",
        "Regigigas",
        "Volcanion",
        "Suicune",
        "Lugia",
        "Latios",
        "Celebi",
        "Dialga",
        "Cosmog",
        "Urshifu",
        "Phione",
        "Rayquaza",
        "Zygarde",
        "Necrozma",
        "Silvally",
        "Keldeo",
        "Regidrago",
        "Articuno",
        "Raikou",
        "Heatran",
        "Deoxys",
        "Entei",
        "Meloetta",
        "Kubfu",
        "Arceus",
        "Diancie",
        "Hoopa",
        "Uxie",
        "Jirachi",
        "Regice",
        "Genesect",
        "Manaphy",
        "Mew",
        "TapuBulu",
        "Zamazenta",
        "Latias",
        "Kyogre",
        "Magearna",
        "Zacian",
        "Moltres",
        "Lunala",
        "Thundurus",
        "Groudon",
        "Kyurem",
        "Calyrex",
        "Mesprit",
        "Meltan",
        "Landorus",
        "Marshadow",
        "Terrakion",
        "Victini",
        "Cresselia",
        "Yveltal",
        "Eternatus",
        "Xerneas",
        "Melmetal",
        "Zeraora",
        "TapuFini",
        "Cobalion",
        "Darkrai",
        "Tornadus",
        "Reshiram",
        "Palkia",
        "TapuKoko",
        "Shaymin",
        "Azelf",
        "Zarude",
        "Regirock",
        "Registeel",
        "Giratina",
        "Solgaleo",
        "Regieleki",
        "Ho-Oh",
        "TapuLele"
      ],
      "shiny": false,
      "boss": false,
      "isTileEntity": false,
      "tileEntities": [],
      "isEntity": false,
      "entities": []
    },
    {
      "color": {
        "value": -16711681,
        "falpha": 0.0
      },
      "name": "Ultra Beast",
      "switchName": "Show Ultra Beasts",
      "weight": 5,
      "sendDetails": true,
      "sendPosition": true,
      "searchRadius": 150,
      "isPokemon": true,
      "userSearch": false,
      "validPokemon": [
        "Buzzwole",
        "Nihilego",
        "Stakataka",
        "Naganadel",
        "Guzzlord",
        "Kartana",
        "Celesteela",
        "Pheromosa",
        "Blacephalon",
        "Poipole",
        "Xurkitree"
      ],
      "shiny": false,
      "boss": false,
      "isTileEntity": false,
      "tileEntities": [],
      "isEntity": false,
      "entities": []
    },
    {
      "color": {
        "value": -16711936,
        "falpha": 0.0
      },
      "name": "Shiny",
      "switchName": "Show Shinies",
      "weight": 4,
      "sendDetails": true,
      "sendPosition": true,
      "searchRadius": 150,
      "isPokemon": true,
      "userSearch": false,
      "validPokemon": [],
      "shiny": true,
      "boss": false,
      "isTileEntity": false,
      "tileEntities": [],
      "isEntity": false,
      "entities": []
    },
    {
      "color": {
        "value": -7864065,
        "falpha": 0.0
      },
      "name": "Ultra Wormhole",
      "switchName": "Show Wormholes",
      "weight": 3,
      "sendDetails": true,
      "sendPosition": true,
      "searchRadius": 150,
      "isPokemon": false,
      "userSearch": false,
      "validPokemon": [],
      "shiny": false,
      "boss": false,
      "isTileEntity": false,
      "tileEntities": [],
      "isEntity": true,
      "entities": [
        "pixelmon:ultra_wormhole"
      ]
    },
    {
      "color": {
        "value": -65281,
        "falpha": 0.0
      },
      "name": "Shrine",
      "switchName": "Show Shrines",
      "weight": 2,
      "sendDetails": true,
      "sendPosition": true,
      "searchRadius": 150,
      "isPokemon": false,
      "userSearch": false,
      "validPokemon": [],
      "shiny": false,
      "boss": false,
      "isTileEntity": true,
      "tileEntities": [
        "pixelmon:timespace_shrine",
        "pixelmon:plate_holder",
        "pixelmon:bird_shrine"
      ],
      "isEntity": false,
      "entities": []
    },
    {
      "color": {
        "value": -256,
        "falpha": 0.0
      },
      "name": "Pok�loot",
      "switchName": "Show Pok�loot",
      "weight": 1,
      "sendDetails": true,
      "sendPosition": true,
      "searchRadius": 150,
      "isPokemon": false,
      "userSearch": false,
      "validPokemon": [],
      "shiny": false,
      "boss": false,
      "isTileEntity": true,
      "tileEntities": [
        "pixelmon:poke_chest"
      ],
      "isEntity": false,
      "entities": []
    },
    {
      "color": {
        "value": -14336,
        "falpha": 0.0
      },
      "name": "Custom",
      "switchName": "Show Custom",
      "weight": 0,
      "sendDetails": true,
      "sendPosition": true,
      "searchRadius": 150,
      "isPokemon": true,
      "userSearch": true,
      "validPokemon": [],
      "shiny": false,
      "boss": false,
      "isTileEntity": false,
      "tileEntities": [],
      "isEntity": false,
      "entities": []
    }
  ],
  "customSearch": true,
  "showLines": true,
  "showOutlines": true,
  "showInterface": true,
  "updateRate": 1,
  "screenLocation": "TOP_CENTER",
  "searches": []
}