{
  "tools": {
    "axe": {
      "name": "Axe",
      "icon": "minecraft:diamond_axe",
      "toollist": [
        "BiomesOPlenty:axeAmethyst",
        "BiomesOPlenty:axeMud",
        "minecraft:diamond_axe",
        "minecraft:golden_axe",
        "minecraft:iron_axe",
        "minecraft:stone_axe",
        "minecraft:wooden_axe"
      ],
      "blocklist": [
        "biomesoplenty:leaves_0/8",
        "biomesoplenty:leaves_0/9",
        "biomesoplenty:leaves_0/10",
        "biomesoplenty:leaves_0/11",
        "biomesoplenty:leaves_1/8",
        "biomesoplenty:leaves_1/9",
        "biomesoplenty:leaves_1/10",
        "biomesoplenty:leaves_1/11",
        "biomesoplenty:leaves_2/8",
        "biomesoplenty:leaves_2/9",
        "biomesoplenty:leaves_2/10",
        "biomesoplenty:leaves_2/11",
        "biomesoplenty:leaves_3/8",
        "biomesoplenty:leaves_3/9",
        "biomesoplenty:leaves_3/10",
        "biomesoplenty:leaves_3/11",
        "biomesoplenty:leaves_4/8",
        "biomesoplenty:leaves_4/9",
        "biomesoplenty:leaves_4/10",
        "biomesoplenty:leaves_4/11",
        "biomesoplenty:leaves_5/8",
        "biomesoplenty:leaves_5/9",
        "biomesoplenty:leaves_5/10",
        "biomesoplenty:leaves_5/11",
        "biomesoplenty:leaves_6/8",
        "biomesoplenty:leaves_6/9",
        "biomesoplenty:log_0/4",
        "biomesoplenty:log_0/5",
        "biomesoplenty:log_0/6",
        "biomesoplenty:log_0/7",
        "biomesoplenty:log_1/4",
        "biomesoplenty:log_1/5",
        "biomesoplenty:log_1/6",
        "biomesoplenty:log_1/7",
        "biomesoplenty:log_2/4",
        "biomesoplenty:log_2/5",
        "biomesoplenty:log_2/6",
        "biomesoplenty:log_2/7",
        "biomesoplenty:log_3/4",
        "biomesoplenty:log_3/5",
        "biomesoplenty:log_3/6",
        "biomesoplenty:log_3/7",
        "biomesoplenty:log_4/4",
        "biomesoplenty:log_4/5",
        "harvestcraft:pamcinnamon/0",
        "harvestcraft:pammaple/0",
        "harvestcraft:pampaperbark/0",
        "minecraft:fence",
        "minecraft:leaves",
        "minecraft:leaves2",
        "minecraft:log",
        "minecraft:log2"
      ]
    },
    "hoe": {
      "name": "Hoe",
      "icon": "minecraft:diamond_hoe",
      "toollist": [
        "BiomesOPlenty:hoeAmethyst",
        "BiomesOPlenty:hoeMud",
        "minecraft:diamond_hoe",
        "minecraft:golden_hoe",
        "minecraft:iron_hoe",
        "minecraft:stone_hoe",
        "minecraft:wooden_hoe"
      ],
      "blocklist": [
        "minecraft:carrots",
        "minecraft:melon_block",
        "minecraft:potatoes",
        "minecraft:pumpkin",
        "minecraft:wheat"
      ]
    },
    "pickaxe": {
      "name": "Pickaxe",
      "icon": "minecraft:diamond_pickaxe",
      "toollist": [
        "BiomesOPlenty:pickaxeAmethyst",
        "BiomesOPlenty:pickaxeMud",
        "minecraft:diamond_pickaxe",
        "minecraft:golden_pickaxe",
        "minecraft:iron_pickaxe",
        "minecraft:stone_pickaxe",
        "minecraft:wooden_pickaxe"
      ],
      "blocklist": [
        "biomesoplenty:gem_ore/0",
        "biomesoplenty:gem_ore/1",
        "biomesoplenty:gem_ore/2",
        "biomesoplenty:gem_ore/3",
        "biomesoplenty:gem_ore/4",
        "biomesoplenty:gem_ore/5",
        "biomesoplenty:gem_ore/6",
        "biomesoplenty:gem_ore/7",
        "minecraft:coal_ore",
        "minecraft:cobblestone_wall",
        "minecraft:diamond_ore",
        "minecraft:emerald_ore",
        "minecraft:glowstone",
        "minecraft:gold_ore",
        "minecraft:iron_ore",
        "minecraft:lapis_ore",
        "minecraft:lit_redstone_ore",
        "minecraft:mossy_cobblestone",
        "minecraft:nether_brick_fence",
        "minecraft:obsidian",
        "minecraft:quartz_ore",
        "minecraft:redstone_ore",
        "pixelmon:amethyst_ore/0",
        "pixelmon:bauxite_ore/0",
        "pixelmon:crystal_ore/0",
        "pixelmon:ruby_ore/0",
        "pixelmon:sapphire_ore/0",
        "pixelmon:silicon_ore/0"
      ]
    },
    "shears": {
      "name": "Shears",
      "icon": "minecraft:shears",
      "toollist": [
        "BiomesOPlenty:scytheAmethyst",
        "BiomesOPlenty:scytheDiamond",
        "BiomesOPlenty:scytheGold",
        "BiomesOPlenty:scytheIron",
        "BiomesOPlenty:scytheMud",
        "BiomesOPlenty:scytheStone",
        "BiomesOPlenty:scytheWood",
        "ceramics:clay_shears",
        "minecraft:shears"
      ],
      "blocklist": [
        "biomesoplenty:leaves_0/8",
        "biomesoplenty:leaves_0/9",
        "biomesoplenty:leaves_0/10",
        "biomesoplenty:leaves_0/11",
        "biomesoplenty:leaves_1/8",
        "biomesoplenty:leaves_1/9",
        "biomesoplenty:leaves_1/10",
        "biomesoplenty:leaves_1/11",
        "biomesoplenty:leaves_2/8",
        "biomesoplenty:leaves_2/9",
        "biomesoplenty:leaves_2/10",
        "biomesoplenty:leaves_2/11",
        "biomesoplenty:leaves_3/8",
        "biomesoplenty:leaves_3/9",
        "biomesoplenty:leaves_3/10",
        "biomesoplenty:leaves_3/11",
        "biomesoplenty:leaves_4/8",
        "biomesoplenty:leaves_4/9",
        "biomesoplenty:leaves_4/10",
        "biomesoplenty:leaves_4/11",
        "biomesoplenty:leaves_5/8",
        "biomesoplenty:leaves_5/9",
        "biomesoplenty:leaves_5/10",
        "biomesoplenty:leaves_5/11",
        "biomesoplenty:leaves_6/8",
        "biomesoplenty:leaves_6/9",
        "minecraft:deadbush",
        "minecraft:leaves",
        "minecraft:leaves2",
        "minecraft:tallgrass",
        "minecraft:vine",
        "minecraft:web",
        "minecraft:wool"
      ]
    },
    "shovel": {
      "name": "Shovel",
      "icon": "minecraft:diamond_shovel",
      "toollist": [
        "BiomesOPlenty:shovelAmethyst",
        "BiomesOPlenty:shovelMud",
        "minecraft:diamond_shovel",
        "minecraft:golden_shovel",
        "minecraft:iron_shovel",
        "minecraft:stone_shovel",
        "minecraft:wooden_shovel"
      ],
      "blocklist": [
        "minecraft:clay",
        "minecraft:gravel"
      ]
    }
  }
}